Rubro;Cod;Descripción (dueña);Tipo;Precio especial;Producto web;Precio web actual;Web ID;Clasificación;Dif % vs web;Match
PAPELERA;2708;*(OFT)* PAÑUELOS ELEGANTE POCKET X6 X MAYOR;mayor;920;Pañuelos Elegante Pocket x6 (unidad);1150;p_1780333401808_6svx;Descuento real (unidad);-20.0;0.8
PAPELERA;2734;*(OFT)* PAÑUELOS ELEGANTE POCKET X6 X MAYOR EFECTIVO;efectivo+mayor;839;Pañuelos Elegante Pocket x6 (unidad);1150;p_1780333401808_6svx;Descuento real (unidad);-27.0;0.8
PAPELERA;230;*(OFT)* PAÑUELOS ELEGANTE 150un X MAYOR;mayor;985;Pañuelos Elegante x150;1229;p_1780333401808_ay5u;Descuento real (unidad);-19.9;0.5
PAPELERA;231;*(OFT)* PAÑUELOS ELEGANTE 150un X MAYOR EFECTIVO;efectivo+mayor;910;Pañuelos Elegante x150;1229;p_1780333401808_ay5u;Descuento real (unidad);-26.0;0.5
PAPELERA;1036;*(OFERTA)* QUESO CREMOSO SILVIA EFECTIVO;efectivo;8069;Queso Cremoso Silvia;9340;q140;Descuento real (unidad);-13.6;1.0
PAPELERA;2114;*(OFT)* ROLLO COCINA ELEGANTE 3x50  X MAYOR;mayor;1375;Rollo de Cocina Elegante 3x50 (unidad);1720;p_1780333401808_a6vf;Descuento real (unidad);-20.1;0.8
PAPELERA;2115;*(OFT)* ROLLO COCINA ELEGANTE 3x50 X MAYOR EFECTIVO;efectivo+mayor;1265;Rollo de Cocina Elegante 3x50 (unidad);1720;p_1780333401808_a6vf;Descuento real (unidad);-26.5;0.8
PAPELERA;39;*(OFT)* ROLLO COCINA NEW DICHA X MAYOR;mayor;1269;Rollo de Cocina New Dicha (unidad);1585;p_1780333401808_05vu;Descuento real (unidad);-19.9;0.8
PAPELERA;2136;*(OFT)* ROLLO COCINA NEW DICHA X MAYOR EFECTIVO;efectivo+mayor;1165;Rollo de Cocina New Dicha (unidad);1585;p_1780333401808_05vu;Descuento real (unidad);-26.5;0.8
PAPELERA;2382;*(OFT)* SERVILLETAS ELEGANTE BIG X150 X MAYOR;mayor;2069;Servilletas Elegante Big x150 (unidad);2585;p_1780333401808_2hcf;Descuento real (unidad);-20.0;0.8
PAPELERA;2838;*(OFT)* SERVILLETAS ELEGANTE BIG X150 X MAYOR EFECTIVO;efectivo+mayor;1895;Servilletas Elegante Big x150 (unidad);2585;p_1780333401808_2hcf;Descuento real (unidad);-26.7;0.8
PAPELERA;232;*(OFT)*SERVILLETAS ELEGANTE X80 X MAYOR EFECT;efectivo+mayor;1045;Servilletas Elegante x80 (mayor);1139;p_1780333401808_laym;Descuento real (unidad);-8.3;0.75
PASTAS;920;*OFERTA* DELITAP HOJALDRE GRUESO AZULES X30 TAPAS EFECTIVO;efectivo;3175;Tapas de Hojaldre Grueso Delitap;3969;p_1783027911563_o7ig;Descuento real (unidad);-20.0;0.67
fiambres;280;*OFERTA* PALETA PIARA EFECTIVO;efectivo;3300;Paleta Piara;3580;f3102;Descuento real (unidad);-7.8;1.0
quesos;2327;*(OFERTA)* MOZZARELLA DOM TIN EFECTIVO;efectivo;5940;Muzzarella Dom Tin;7020;q1597;Descuento real (unidad);-15.4;0.5
quesos;269;*OFERTA* PUNTA DE AGUA CREMOSO EFECT;efectivo;8250;Queso Cremoso Punta del Agua;9750;q141;Descuento real (unidad);-15.4;0.6
quesos;69;"*(OFERTA)* SARDO BLANCO ""SM""  EFECTIVO";efectivo;9350;Queso Sardo Blanco Monta;11050;q159;Descuento real (unidad);-15.4;0.5
ALMACEN;554;"*OFERTA* AZUCAR ""LA MUÑECA"" X PACK EFECTIVO";efectivo;106700;Azúcar La Muñeca - Pack;10670;p_imp_1783122342_0141;Precio por bulto/pack;+900.0;0.67
ALMACEN;1297;*(OFERTA)* CERVEZA 361 x1lt X PACK EFECTIVO;efectivo;87290;Cerveza 361 (1 L) - Pack;8729;p_imp_1783122342_0050;Precio por bulto/pack;+900.0;0.5
ALMACEN;2544;*(OFT)* PAPEL HIGIENICO ELEGANTE x80mts X MAYOR EFECTIVO;efectivo+mayor;30490;Papel Higiénico Elegante 6x30 m;1855;p_1780333401808_qr8g;Precio por bulto/pack;+1543.7;0.6
BEBIDAS;310;*(OFERTA)* GASEOSA MANAOS X PACK EFECTIVO;efectivo;7975;Gaseosa Manaos (2,25 L);1599;p_1780333401808_1o8t;Precio por bulto/pack;+398.7;0.67
BEBIDAS;2263;*OFERTA* GASEOSA MANAOS LATA x354cc X PACK X6u/n EFECTIVO;efectivo;4069;Gaseosa Manaos Lata - Pack x6;4439;p_1780333401808_1pgn;Precio por bulto/pack;-8.3;0.43
BEBIDAS;2935;"*OFERTA* ANANA ""TUNUYAN"" X CAJA EFECT";efectivo;1959;Sidra Ananá Tunuyán;2315;p_1780333401808_ow65;Precio por bulto/pack;-15.4;0.67
BEBIDAS;2938;"*OFERTA* SIDRA ""TUNUYAN""  X CAJA EFECT";efectivo;1525;Sidra Tunuyán;1799;p_1780333401808_jclp;Precio por bulto/pack;-15.2;1.0
PAPELERA;2406;*(OFT)* PAPEL HIGIENICO ELEGANTE 6x30mts X MAYOR;mayor;1855;Papel Higiénico Elegante 6x30 m;1855;p_1780333401808_qr8g;Sitio ya en ese precio;+0.0;0.6
PAPELERA;2678;*(OFT)* PAPEL HIGIENICO ELEGANTE x120mts X MAYOR;mayor;4900;Papel Higiénico Elegante 6x30 m;1855;p_1780333401808_qr8g;Precio por bulto/pack;+164.2;0.6
PAPELERA;1404;*(OFT)* PAPEL HIGIENICO ELEGANTE x120mts X MAYOR EFECTIVO;efectivo+mayor;4490;Papel Higiénico Elegante 6x30 m;1855;p_1780333401808_qr8g;Precio por bulto/pack;+142.0;0.6
PAPELERA;2511;*(OFT)* PAPEL HIGIENICO ELEGANTE x80mts X MAYOR;mayor;3329;Papel Higiénico Elegante 6x30 m;1855;p_1780333401808_qr8g;Precio por bulto/pack;+79.5;0.6
PAPELERA;2334;*(OFT)* PAPEL HIGIENICO ELEGANTE6x30mts X MAYOR  EFECTIVO;efectivo+mayor;1699;Papel Higiénico Elegante 6x30 m;1855;p_1780333401808_qr8g;Revisar (match dudoso);-8.4;0.4
PAPELERA;591;*(OFT)* ROLLO COCINA ELEGANTE x200 PAÑOS X BULTO EFECTIVO;efectivo;1675;Rollo de Cocina Elegante 200 Paños (unidad);2285;p_1780333401808_4ylp;Precio por bulto/pack;-26.7;0.57
PAPELERA;2236;*(OFT)* ROLLO COCINA ELEGANTE X360 PAÑOS X MAYOR;mayor;2920;Rollo de Cocina Elegante 200 Paños (unidad);2285;p_1780333401808_4ylp;Revisar (match dudoso);+27.8;0.57
PAPELERA;2386;*(OFT)* ROLLO COCINA ELEGANTE X360 PAÑOS X MAYOR  EFECTIVO;efectivo+mayor;2675;Rollo de Cocina Elegante 200 Paños (unidad);2285;p_1780333401808_4ylp;Revisar (match dudoso);+17.1;0.57
PAPELERA;2147;*(OFT)* ROLLO DE COCINA ELEGANTE X300 PAÑOS X MAYOR;mayor;3045;Rollo de Cocina Elegante 200 Paños (unidad);2285;p_1780333401808_4ylp;Revisar (match dudoso);+33.3;0.57
PAPELERA;2187;*(OFT)* ROLLO DE COCINA ELEGANTE X300 PAÑOS X MAYOR EFECTIVO;efectivo+mayor;2459;Rollo de Cocina Elegante 200 Paños (unidad);2285;p_1780333401808_4ylp;Revisar (match dudoso);+7.6;0.57
PAPELERA;2275;*(OFT)* SERVILLETAS ELEGANTE X80 X MAYOR;mayor;1139;Servilletas Elegante x80 (mayor);1139;p_1780333401808_laym;Sitio ya en ese precio;+0.0;0.75
fiambres;2017;*OFERTA* JAMON MADRILEÑO EFECTIVO;efectivo;5280;Jamón Madrileño;5280;f2017;Sitio ya en ese precio;+0.0;1.0
quesos;1236;*(OFERTA)* MOZZARELLA BARRAZA EFECTIVO;efectivo;11445;Muzzarella Barraza;11445;q1236;Revisar (match dudoso);+0.0;0.33
quesos;1547;*OFERTA* PUNTA DE AGUA BARRA TYBO EFECT;efectivo;9459;Queso Barra Tybo Punta del Agua;9459;q1547;Sitio ya en ese precio;+0.0;0.67
quesos;1278;*OFERTA* QUESO CREMOSO DON SANTIAGO-EFECTIVO;efectivo;5669;Queso Cremoso Don Santiago;5669;q1278;Sitio ya en ese precio;+0.0;1.0
quesos;3039;*OFERTA* CREMON L.S EN EFECTIVO;efectivo;11525;Queso Cremón La Serenísima;12499;q144;Revisar (match dudoso);-7.8;0.33
quesos;421;*(OFERTA) MOZZARELA PASTORA EFECTIVO;efectivo;7250;Ricota La Pastora;2340;q1374;Precio por bulto/pack;+209.8;0.33
